<?xml version="1.0" encoding="UTF-8"?>
<project-private xmlns="http://www.netbeans.org/ns/project-private/1">
    <editor-bookmarks xmlns="http://www.netbeans.org/ns/editor-bookmarks/1"/>
    <editor-bookmarks xmlns="http://www.netbeans.org/ns/editor-bookmarks/2" lastBookmarkId="0"/>
    <open-files xmlns="http://www.netbeans.org/ns/projectui-open-files/2">
        <group>
            <file>file:/Users/freeprojectz/java/desktop_application/Super%20Market%20Billing%20System%20-%20Mini%20Project/super_market_billing_system/src/sales_management_system/home.java</file>
            <file>file:/Users/freeprojectz/java/desktop_application/Super%20Market%20Billing%20System%20-%20Mini%20Project/super_market_billing_system/src/sales_management_system/Product.java</file>
            <file>file:/Users/freeprojectz/java/desktop_application/Super%20Market%20Billing%20System%20-%20Mini%20Project/super_market_billing_system/src/sales_management_system/About.java</file>
            <file>file:/Users/freeprojectz/java/desktop_application/Super%20Market%20Billing%20System%20-%20Mini%20Project/super_market_billing_system/src/sales_management_system/Connect.java</file>
            <file>file:/Users/freeprojectz/java/desktop_application/Super%20Market%20Billing%20System%20-%20Mini%20Project/super_market_billing_system/src/sales_management_system/login.java</file>
            <file>file:/Users/freeprojectz/java/desktop_application/Super%20Market%20Billing%20System%20-%20Mini%20Project/super_market_billing_system/src/sales_management_system/Main.java</file>
        </group>
    </open-files>
</project-private>
